-- team --
insert into team (team_id, team_name) values (1, 'WOCKHARDT LIMITED');
insert into team (team_id, team_name) values (2, 'Newton Laboratories, Inc.');
insert into team (team_id, team_name) values (3, 'Safeway');
insert into team (team_id, team_name) values (4, 'Salix Pharmaceuticals, Inc.');
insert into team (team_id, team_name) values (5, 'Walgreen Company');
insert into team (team_id, team_name) values (6, 'NorthStar Rx LLC');
insert into team (team_id, team_name) values (7, 'West-Ward Pharmaceutical Corp');
insert into team (team_id, team_name) values (8, 'Dr. Fresh, Inc.');
insert into team (team_id, team_name) values (9, 'Boggs Gases div. Boggs Fire Equipment');
insert into team (team_id, team_name) values (10, 'NorthStar Rx LLC');
-- product --
insert into product (product_id, product_name) values (1, 'Diclofenac Sodium');
insert into product (product_id, product_name) values (2, 'bacitracin zinc, neomycin sulfate and polymyxin b sulfate');
insert into product (product_id, product_name) values (3, 'Glipizide and Metformin HCl');
insert into product (product_id, product_name) values (4, 'Salicylic Acid');
insert into product (product_id, product_name) values (5, 'Ibuprofen');
insert into product (product_id, product_name) values (6, 'Doxazosin Mesylate');
insert into product (product_id, product_name) values (7, 'Petrolatum');
insert into product (product_id, product_name) values (8, 'risperidone');
insert into product (product_id, product_name) values (9, 'Silk');
insert into product (product_id, product_name) values (10, 'Aqua marina, Calcarea carbonica, Calcarea fluorica, Guaiacum, Hekla lava, Lecithin, Parathormonum, Pyridoxinum hydrochloricum');
insert into product (product_id, product_name) values (11, 'Privet');
insert into product (product_id, product_name) values (12, 'econazole nitrate');
insert into product (product_id, product_name) values (13, 'Skin Protectant');
insert into product (product_id, product_name) values (14, 'Standardized Mite D. pteronyssinus');
insert into product (product_id, product_name) values (15, 'Fludarabine Phosphate');
insert into product (product_id, product_name) values (16, 'Amitriptyline Hydrochloride');
insert into product (product_id, product_name) values (17, 'Acetaminophen, Phenylephrine HCl');
insert into product (product_id, product_name) values (18, 'Lisinopril');
insert into product (product_id, product_name) values (19, 'Fluoride Ions');
insert into product (product_id, product_name) values (20, 'sodium fluoride F 18');
insert into product (product_id, product_name) values (21, 'Potassium Citrate and Citric Acid');
insert into product (product_id, product_name) values (22, 'CLONAZEPAM');
insert into product (product_id, product_name) values (23, 'Ropinirole Hydrochloride');
insert into product (product_id, product_name) values (24, 'OXYGEN');
insert into product (product_id, product_name) values (25, 'levothyroxine sodium');
insert into product (product_id, product_name) values (26, 'Ziprasidone Hydrochloride');
insert into product (product_id, product_name) values (27, 'Brain,');
insert into product (product_id, product_name) values (28, 'mycobacterium microti immunoserum rabbit, mycobacterium bovis immunoserum rabbit, and streptococcus pyogenes immunoserum rabbit');
insert into product (product_id, product_name) values (29, 'acebutolol hydrochloride');
insert into product (product_id, product_name) values (30, 'Potassium Chloride');
insert into product (product_id, product_name) values (31, 'isopropyl alcohol');
insert into product (product_id, product_name) values (32, 'acetaminophen');
insert into product (product_id, product_name) values (33, 'nifedipine');
insert into product (product_id, product_name) values (34, 'Octinoxate and Oxybenzone');
insert into product (product_id, product_name) values (35, 'HOMOSALATE, OCTINOXATE, AVOBENZONE');
insert into product (product_id, product_name) values (36, 'Acetaminophen, Dextromethorphan hydrobromide, Guaifenesin, and Phenylephrine Hydrochloride');
insert into product (product_id, product_name) values (37, 'LIDOCAINE HYDROCHLORIDE');
insert into product (product_id, product_name) values (38, 'Promethazine Hydrochloride');
insert into product (product_id, product_name) values (39, 'SODIUM MONOFLUOROPHOSPHATE');
insert into product (product_id, product_name) values (40, 'Greasewood');
insert into product (product_id, product_name) values (41, 'divalproex sodium');
insert into product (product_id, product_name) values (42, 'ACETAMINOPHEN, DIPHENHYDRAMINE HYDROCHLORIDE, and PHENYLEPHRINE HYDROCHLORIDE');
insert into product (product_id, product_name) values (43, 'Furosemide');
insert into product (product_id, product_name) values (44, 'Miconazole Nitrate');
insert into product (product_id, product_name) values (45, 'Primidone');
insert into product (product_id, product_name) values (46, 'CHLORHEXIDINE GLUCONATE');
insert into product (product_id, product_name) values (47, 'Surgical Hand Scrub/General Skin Cleanser');
insert into product (product_id, product_name) values (48, 'Meclizine Hydrocloride');
insert into product (product_id, product_name) values (49, 'Isosorbide mononitrate');
insert into product (product_id, product_name) values (50, 'Sennosides and Sodium Dioctylsulfosuccinate');
insert into product (product_id, product_name) values (51, 'Panthenol (0.2%), Biotin (0.06%)');
insert into product (product_id, product_name) values (52, 'clonidine hydrochloride');
insert into product (product_id, product_name) values (53, 'LEVOTHYROXINE SODIUM');
insert into product (product_id, product_name) values (54, 'oxycodone hydrochloride');
insert into product (product_id, product_name) values (55, 'Treatment Set TS342034');
insert into product (product_id, product_name) values (56, 'HYDROQUINONE');
insert into product (product_id, product_name) values (57, 'Dextromethorphan Hydrobromide, Guaifenesin, Phenylephrine Hydrochloride');
insert into product (product_id, product_name) values (58, 'Azithromycin');
insert into product (product_id, product_name) values (59, 'Titanium Dioxide and Zinc Oxide');
insert into product (product_id, product_name) values (60, 'GLYCERIN, ALLANTOIN');
insert into product (product_id, product_name) values (61, 'Fentanyl buccal');
insert into product (product_id, product_name) values (62, 'Acetaminophen');
insert into product (product_id, product_name) values (63, 'Lisinopril and Hydrochlorothiazide');
insert into product (product_id, product_name) values (64, 'Duloxetine Hydrochloride');
insert into product (product_id, product_name) values (65, 'Lorazepam');
insert into product (product_id, product_name) values (66, 'morphine sulfate');
insert into product (product_id, product_name) values (67, 'Penicillium chrysogenum var. chrysogenum and Penicillium glabrum');
insert into product (product_id, product_name) values (68, 'NAPROXEN');
insert into product (product_id, product_name) values (69, 'Oxytocin');
insert into product (product_id, product_name) values (70, 'Octinoxate, Octisalate, Oxybenzone');
-- aliquots --
insert into aliquot (aliquotnlot, aliquot_expiration_date, aliquot_quantity, product_id, aliquot_price) values (1, '2020-06-27 07:43:39', 88, 14, 0.3639446146);
insert into aliquot (aliquotnlot, aliquot_expiration_date, aliquot_quantity, product_id, aliquot_price) values (2, '2020-09-07 04:28:06', 48, 34, 4.9337089583);
insert into aliquot (aliquotnlot, aliquot_expiration_date, aliquot_quantity, product_id, aliquot_price) values (3, '2020-04-12 19:32:57', 94, 6, 1.7106208023);
insert into aliquot (aliquotnlot, aliquot_expiration_date, aliquot_quantity, product_id, aliquot_price) values (4, '2020-08-09 12:05:31', 48, 59, 1.2405546682);
insert into aliquot (aliquotnlot, aliquot_expiration_date, aliquot_quantity, product_id, aliquot_price) values (5, '2020-12-02 19:47:47', 68, 58, 0.0592088056);
insert into aliquot (aliquotnlot, aliquot_expiration_date, aliquot_quantity, product_id, aliquot_price) values (6, '2020-02-22 17:40:12', 62, 9, 1.1976453444);
insert into aliquot (aliquotnlot, aliquot_expiration_date, aliquot_quantity, product_id, aliquot_price) values (7, '2020-08-19 12:12:28', 83, 47, 1.6788409698);
insert into aliquot (aliquotnlot, aliquot_expiration_date, aliquot_quantity, product_id, aliquot_price) values (8, '2020-11-08 07:35:36', 45, 3, 0.4710346769);
insert into aliquot (aliquotnlot, aliquot_expiration_date, aliquot_quantity, product_id, aliquot_price) values (9, '2020-09-03 05:16:52', 89, 17, 0.3551232699);
insert into aliquot (aliquotnlot, aliquot_expiration_date, aliquot_quantity, product_id, aliquot_price) values (10, '2020-09-25 05:48:54', 81, 40, 10.3162559731);
insert into aliquot (aliquotnlot, aliquot_expiration_date, aliquot_quantity, product_id, aliquot_price) values (11, '2020-09-12 15:55:11', 56, 24, 0.5383667679);
insert into aliquot (aliquotnlot, aliquot_expiration_date, aliquot_quantity, product_id, aliquot_price) values (12, '2020-05-01 21:35:22', 96, 50, 2.9480109472);
insert into aliquot (aliquotnlot, aliquot_expiration_date, aliquot_quantity, product_id, aliquot_price) values (13, '2020-12-07 20:26:22', 77, 11, 3.4329737055);
insert into aliquot (aliquotnlot, aliquot_expiration_date, aliquot_quantity, product_id, aliquot_price) values (14, '2020-08-17 08:44:28', 70, 53, 0.6361499548);
insert into aliquot (aliquotnlot, aliquot_expiration_date, aliquot_quantity, product_id, aliquot_price) values (15, '2020-07-16 22:22:34', 47, 24, 1.7850285817);
insert into aliquot (aliquotnlot, aliquot_expiration_date, aliquot_quantity, product_id, aliquot_price) values (16, '2020-05-12 19:42:56', 99, 57, 1.4704102972);
insert into aliquot (aliquotnlot, aliquot_expiration_date, aliquot_quantity, product_id, aliquot_price) values (17, '2020-10-02 05:54:51', 50, 42, 0.2802192934);
insert into aliquot (aliquotnlot, aliquot_expiration_date, aliquot_quantity, product_id, aliquot_price) values (18, '2020-07-01 18:08:45', 96, 18, 0.3836671896);
insert into aliquot (aliquotnlot, aliquot_expiration_date, aliquot_quantity, product_id, aliquot_price) values (19, '2020-02-11 03:20:21', 59, 25, 12.3080373706);
insert into aliquot (aliquotnlot, aliquot_expiration_date, aliquot_quantity, product_id, aliquot_price) values (20, '2020-08-18 23:34:13', 66, 30, 3.496864942);
insert into aliquot (aliquotnlot, aliquot_expiration_date, aliquot_quantity, product_id, aliquot_price) values (21, '2020-06-05 03:12:42', 93, 7, 2.703066369);
insert into aliquot (aliquotnlot, aliquot_expiration_date, aliquot_quantity, product_id, aliquot_price) values (22, '2020-08-24 07:50:10', 56, 52, 6.6732752327);
insert into aliquot (aliquotnlot, aliquot_expiration_date, aliquot_quantity, product_id, aliquot_price) values (23, '2020-08-05 02:12:45', 59, 20, 2.9047395872);
insert into aliquot (aliquotnlot, aliquot_expiration_date, aliquot_quantity, product_id, aliquot_price) values (24, '2020-10-12 04:58:45', 81, 1, 4.7446885634);
insert into aliquot (aliquotnlot, aliquot_expiration_date, aliquot_quantity, product_id, aliquot_price) values (25, '2020-04-04 07:50:07', 98, 19, 0.6149825311);
insert into aliquot (aliquotnlot, aliquot_expiration_date, aliquot_quantity, product_id, aliquot_price) values (26, '2020-02-23 13:54:56', 47, 62, 1.4650203599);
insert into aliquot (aliquotnlot, aliquot_expiration_date, aliquot_quantity, product_id, aliquot_price) values (27, '2020-04-01 19:14:00', 63, 28, 1.1081818395);
insert into aliquot (aliquotnlot, aliquot_expiration_date, aliquot_quantity, product_id, aliquot_price) values (28, '2020-02-12 20:26:04', 58, 17, 1.0220767419);
insert into aliquot (aliquotnlot, aliquot_expiration_date, aliquot_quantity, product_id, aliquot_price) values (29, '2020-09-06 02:17:39', 69, 26, 1.0649472052);
insert into aliquot (aliquotnlot, aliquot_expiration_date, aliquot_quantity, product_id, aliquot_price) values (30, '2020-06-15 09:43:25', 72, 68, 1.0937789631);
insert into aliquot (aliquotnlot, aliquot_expiration_date, aliquot_quantity, product_id, aliquot_price) values (31, '2020-03-12 12:18:15', 56, 2, 3.3079388051);
insert into aliquot (aliquotnlot, aliquot_expiration_date, aliquot_quantity, product_id, aliquot_price) values (32, '2020-08-27 05:06:50', 71, 7, 0.1176036609);
insert into aliquot (aliquotnlot, aliquot_expiration_date, aliquot_quantity, product_id, aliquot_price) values (33, '2020-09-12 14:48:41', 49, 57, 16.9442903099);
insert into aliquot (aliquotnlot, aliquot_expiration_date, aliquot_quantity, product_id, aliquot_price) values (34, '2020-05-24 11:29:43', 92, 55, 1.2435843249);
insert into aliquot (aliquotnlot, aliquot_expiration_date, aliquot_quantity, product_id, aliquot_price) values (35, '2020-03-03 06:15:16', 58, 59, 1.0544490429);
insert into aliquot (aliquotnlot, aliquot_expiration_date, aliquot_quantity, product_id, aliquot_price) values (36, '2020-08-15 01:45:10', 45, 21, 1.5133915922);
insert into aliquot (aliquotnlot, aliquot_expiration_date, aliquot_quantity, product_id, aliquot_price) values (37, '2020-09-17 14:16:46', 57, 9, 0.4017856239);
insert into aliquot (aliquotnlot, aliquot_expiration_date, aliquot_quantity, product_id, aliquot_price) values (38, '2020-09-04 14:48:07', 48, 34, 0.200952142);
insert into aliquot (aliquotnlot, aliquot_expiration_date, aliquot_quantity, product_id, aliquot_price) values (39, '2020-09-22 18:45:47', 51, 59, 2.1292908681);
insert into aliquot (aliquotnlot, aliquot_expiration_date, aliquot_quantity, product_id, aliquot_price) values (40, '2020-11-29 10:46:26', 80, 63, 1.5611354697);
insert into aliquot (aliquotnlot, aliquot_expiration_date, aliquot_quantity, product_id, aliquot_price) values (41, '2020-06-11 00:46:41', 71, 30, 0.0410318911);
insert into aliquot (aliquotnlot, aliquot_expiration_date, aliquot_quantity, product_id, aliquot_price) values (42, '2020-10-27 04:19:51', 99, 29, 0.1164243719);
insert into aliquot (aliquotnlot, aliquot_expiration_date, aliquot_quantity, product_id, aliquot_price) values (43, '2020-04-05 07:42:40', 59, 44, 0.1274624299);
insert into aliquot (aliquotnlot, aliquot_expiration_date, aliquot_quantity, product_id, aliquot_price) values (44, '2020-10-12 20:47:04', 79, 33, 3.5914796936);
insert into aliquot (aliquotnlot, aliquot_expiration_date, aliquot_quantity, product_id, aliquot_price) values (45, '2020-04-30 02:26:20', 83, 41, 3.5641074685);
insert into aliquot (aliquotnlot, aliquot_expiration_date, aliquot_quantity, product_id, aliquot_price) values (46, '2020-07-08 01:45:50', 54, 18, 4.4895857304);
insert into aliquot (aliquotnlot, aliquot_expiration_date, aliquot_quantity, product_id, aliquot_price) values (47, '2020-06-07 02:57:53', 56, 24, 9.3644563409);
insert into aliquot (aliquotnlot, aliquot_expiration_date, aliquot_quantity, product_id, aliquot_price) values (48, '2020-02-16 05:21:11', 52, 27, 0.9285977917);
insert into aliquot (aliquotnlot, aliquot_expiration_date, aliquot_quantity, product_id, aliquot_price) values (49, '2020-04-21 18:12:12', 91, 47, 16.746549682);
insert into aliquot (aliquotnlot, aliquot_expiration_date, aliquot_quantity, product_id, aliquot_price) values (50, '2020-10-16 23:03:08', 50, 20, 2.6768945995);
insert into aliquot (aliquotnlot, aliquot_expiration_date, aliquot_quantity, product_id, aliquot_price) values (51, '2020-10-29 04:44:19', 82, 64, 1.8792393183);
insert into aliquot (aliquotnlot, aliquot_expiration_date, aliquot_quantity, product_id, aliquot_price) values (52, '2020-11-21 23:36:47', 61, 14, 0.4274971771);
insert into aliquot (aliquotnlot, aliquot_expiration_date, aliquot_quantity, product_id, aliquot_price) values (53, '2020-03-30 08:51:57', 95, 59, 3.3074031209);
insert into aliquot (aliquotnlot, aliquot_expiration_date, aliquot_quantity, product_id, aliquot_price) values (54, '2020-05-28 03:27:28', 94, 64, 1.0559849162);
insert into aliquot (aliquotnlot, aliquot_expiration_date, aliquot_quantity, product_id, aliquot_price) values (55, '2020-09-26 15:35:00', 89, 23, 0.7492808006);
insert into aliquot (aliquotnlot, aliquot_expiration_date, aliquot_quantity, product_id, aliquot_price) values (56, '2020-07-10 15:27:44', 98, 22, 0.4391604828);
insert into aliquot (aliquotnlot, aliquot_expiration_date, aliquot_quantity, product_id, aliquot_price) values (57, '2020-06-11 18:59:47', 69, 13, 1.5093469531);
insert into aliquot (aliquotnlot, aliquot_expiration_date, aliquot_quantity, product_id, aliquot_price) values (58, '2020-07-03 13:30:51', 82, 18, 8.4822892085);
insert into aliquot (aliquotnlot, aliquot_expiration_date, aliquot_quantity, product_id, aliquot_price) values (59, '2020-08-28 01:38:11', 45, 8, 3.4152596742);
insert into aliquot (aliquotnlot, aliquot_expiration_date, aliquot_quantity, product_id, aliquot_price) values (60, '2020-04-25 03:25:44', 84, 36, 5.392778998);
insert into aliquot (aliquotnlot, aliquot_expiration_date, aliquot_quantity, product_id, aliquot_price) values (61, '2020-12-01 08:00:52', 97, 41, 2.7021953089);
insert into aliquot (aliquotnlot, aliquot_expiration_date, aliquot_quantity, product_id, aliquot_price) values (62, '2020-08-27 12:32:19', 51, 16, 0.462555311);
insert into aliquot (aliquotnlot, aliquot_expiration_date, aliquot_quantity, product_id, aliquot_price) values (63, '2020-09-03 14:57:19', 81, 66, 7.3775884015);
insert into aliquot (aliquotnlot, aliquot_expiration_date, aliquot_quantity, product_id, aliquot_price) values (64, '2020-04-09 07:00:04', 95, 54, 3.5572380147);
insert into aliquot (aliquotnlot, aliquot_expiration_date, aliquot_quantity, product_id, aliquot_price) values (65, '2020-10-31 14:15:20', 76, 54, 2.0940719303);
insert into aliquot (aliquotnlot, aliquot_expiration_date, aliquot_quantity, product_id, aliquot_price) values (66, '2020-05-27 08:24:56', 70, 39, 5.8106566264);
insert into aliquot (aliquotnlot, aliquot_expiration_date, aliquot_quantity, product_id, aliquot_price) values (67, '2020-07-19 00:35:08', 50, 33, 4.4188068673);
insert into aliquot (aliquotnlot, aliquot_expiration_date, aliquot_quantity, product_id, aliquot_price) values (68, '2020-03-22 06:17:51', 75, 49, 3.4177142806);
insert into aliquot (aliquotnlot, aliquot_expiration_date, aliquot_quantity, product_id, aliquot_price) values (69, '2020-09-28 00:04:33', 61, 54, 7.7681903287);
insert into aliquot (aliquotnlot, aliquot_expiration_date, aliquot_quantity, product_id, aliquot_price) values (70, '2020-04-12 04:37:52', 94, 38, 2.2874350575);